{
    "Stage 0": {
        "Shot 1": {
            "timestamp": 65948,
            "rect_pos": [
                81,
                58
            ],
            "circle1_pos": [
                80,
                57
            ],
            "circle2_pos": [
                37,
                102
            ],
            "circle3_pos": [
                125,
                12
            ],
            "circle4_pos": [
                127,
                102
            ],
            "pixel_per_mm_ratio": 0.5625,
            "platform_center": [
                92.25,
                68.25
            ],
            "relative_rect_pos": [
                -20.0,
                -18.22222222222222
            ]
        },
        "Shot 2": {
            "timestamp": 65949,
            "rect_pos": [
                81,
                58
            ],
            "circle1_pos": [
                80,
                57
            ],
            "circle2_pos": [
                37,
                102
            ],
            "circle3_pos": [
                125,
                12
            ],
            "circle4_pos": [
                127,
                102
            ],
            "pixel_per_mm_ratio": 0.5625,
            "platform_center": [
                92.25,
                68.25
            ],
            "relative_rect_pos": [
                -20.0,
                -18.22222222222222
            ]
        },
        "Shot 3": {
            "timestamp": 65951,
            "rect_pos": [
                81,
                58
            ],
            "circle1_pos": [
                80,
                57
            ],
            "circle2_pos": [
                37,
                102
            ],
            "circle3_pos": [
                125,
                12
            ],
            "circle4_pos": [
                127,
                102
            ],
            "pixel_per_mm_ratio": 0.5625,
            "platform_center": [
                92.25,
                68.25
            ],
            "relative_rect_pos": [
                -20.0,
                -18.22222222222222
            ]
        },
        "Shot 4": {
            "timestamp": 65952,
            "rect_pos": [
                81,
                58
            ],
            "circle1_pos": [
                80,
                57
            ],
            "circle2_pos": [
                37,
                102
            ],
            "circle3_pos": [
                125,
                12
            ],
            "circle4_pos": [
                127,
                101
            ],
            "pixel_per_mm_ratio": 0.5604166666666667,
            "platform_center": [
                92.25,
                68.0
            ],
            "relative_rect_pos": [
                -20.07434944237918,
                -17.843866171003718
            ]
        },
        "relative_rect_pos_mean": [
            -20.019,
            -18.128
        ],
        "scaled_value": 51307.241290532394,
        "weight": 5000,
        "coeffs": [
            7.980493091039999e-05,
            0,
            0
        ]
    },
    "Stage 1": {
        "Shot 1": {
            "timestamp": 70045,
            "rect_pos": [
                120,
                58
            ],
            "circle1_pos": [
                36,
                14
            ],
            "circle2_pos": [
                37,
                102
            ],
            "circle3_pos": [
                125,
                12
            ],
            "circle4_pos": [
                127,
                102
            ],
            "pixel_per_mm_ratio": 0.74375,
            "platform_center": [
                81.25,
                57.5
            ],
            "relative_rect_pos": [
                52.10084033613445,
                0.6722689075630252
            ]
        },
        "Shot 2": {
            "timestamp": 70103,
            "rect_pos": [
                120,
                58
            ],
            "circle1_pos": [
                37,
                14
            ],
            "circle2_pos": [
                37,
                102
            ],
            "circle3_pos": [
                125,
                12
            ],
            "circle4_pos": [
                127,
                102
            ],
            "pixel_per_mm_ratio": 0.7416666666666667,
            "platform_center": [
                81.5,
                57.5
            ],
            "relative_rect_pos": [
                51.91011235955056,
                0.6741573033707865
            ]
        },
        "Shot 3": {
            "timestamp": 70131,
            "rect_pos": [
                120,
                58
            ],
            "circle1_pos": [
                36,
                14
            ],
            "circle2_pos": [
                37,
                102
            ],
            "circle3_pos": [
                125,
                12
            ],
            "circle4_pos": [
                127,
                101
            ],
            "pixel_per_mm_ratio": 0.7416666666666667,
            "platform_center": [
                81.25,
                57.25
            ],
            "relative_rect_pos": [
                52.247191011235955,
                1.0112359550561798
            ]
        },
        "Shot 4": {
            "timestamp": 70142,
            "rect_pos": [
                120,
                58
            ],
            "circle1_pos": [
                37,
                14
            ],
            "circle2_pos": [
                37,
                102
            ],
            "circle3_pos": [
                126,
                11
            ],
            "circle4_pos": [
                127,
                101
            ],
            "pixel_per_mm_ratio": 0.74375,
            "platform_center": [
                81.75,
                57.0
            ],
            "relative_rect_pos": [
                51.42857142857142,
                1.3445378151260503
            ]
        },
        "relative_rect_pos_mean": [
            51.922,
            0.926
        ],
        "scaled_value": 51402.88127136183,
        "weight": 5000,
        "coeffs": [
            0,
            0.0015398807118286461,
            0
        ]
    },
    "Stage 2": {
        "Shot 1": {
            "timestamp": 70226,
            "rect_pos": [
                81,
                96
            ],
            "circle1_pos": [
                36,
                14
            ],
            "circle2_pos": [
                37,
                101
            ],
            "circle3_pos": [
                125,
                11
            ],
            "circle4_pos": [
                127,
                102
            ],
            "pixel_per_mm_ratio": 0.74375,
            "platform_center": [
                81.25,
                57.0
            ],
            "relative_rect_pos": [
                -0.3361344537815126,
                52.436974789915965
            ]
        },
        "Shot 2": {
            "timestamp": 70231,
            "rect_pos": [
                82,
                96
            ],
            "circle1_pos": [
                37,
                13
            ],
            "circle2_pos": [
                37,
                101
            ],
            "circle3_pos": [
                125,
                11
            ],
            "circle4_pos": [
                127,
                101
            ],
            "pixel_per_mm_ratio": 0.7416666666666667,
            "platform_center": [
                81.5,
                56.5
            ],
            "relative_rect_pos": [
                0.6741573033707865,
                53.258426966292134
            ]
        },
        "Shot 3": {
            "timestamp": 70234,